model,sample_name,group,dispersion
east_or_west,S1,West,0.40363951609687476
east_or_west,S2,West,0.4289635810484049
east_or_west,S3,West,0.3960968185053505
east_or_west,S4,West,0.39152932906866805
east_or_west,S5,West,0.38249569173326786
east_or_west,S6,West,0.7535131155465379
east_or_west,S7,West,0.7601162949146825
east_or_west,S8,West,0.6566592757582144
east_or_west,S9,West,0.6891344098033897
east_or_west,S10,West,0.7483341886606075
east_or_west,S11,West,0.5328138129876074
east_or_west,S12,West,0.5353891510487181
east_or_west,S13,West,0.5257369495747483
east_or_west,S14,West,0.5343068707984584
east_or_west,S15,West,0.5081654346238755
east_or_west,S16,West,0.44366443084095214
east_or_west,S17,West,0.417533311011611
east_or_west,S18,West,0.41645061542350403
east_or_west,S19,West,0.44390288529928235
east_or_west,S20,West,0.4161023708370605
east_or_west,S21,East,0.6676901582566218
east_or_west,S22,East,0.5049111907745429
east_or_west,S23,East,0.48674013575871494
east_or_west,S24,East,0.46241660065730417
east_or_west,S25,East,0.4594675201421546
east_or_west,S26,East,0.4906274044613291
east_or_west,S27,East,0.511808182375457
east_or_west,S28,East,0.595805452408626
east_or_west,S29,East,0.6879068442968522
east_or_west,S30,East,0.46650953822321595
east_or_west,S31,East,0.4301862223871206
east_or_west,S32,East,0.5092375215548058
east_or_west,S33,East,0.4920632750473562
east_or_west,S34,East,0.5454993865603901
east_or_west,S35,East,0.4456262409091213
east_or_west,S36,East,0.7371251484457715
east_or_west,S37,East,0.7591318896902254
east_or_west,S38,East,0.7469483466163184
east_or_west,S39,East,0.7520358484677029
east_or_west,S40,East,0.693031004738236
east_or_west,S41,East,0.47371361807783213
east_or_west,S42,East,0.46129181078680104
east_or_west,S43,East,0.4893412549143274
east_or_west,S44,East,0.46059205532559405
east_or_west,S45,East,0.4623274417334287
east_or_west,S46,East,0.5621614740179716
east_or_west,S47,East,0.6330204374657071
east_or_west,S48,East,0.5419913198717089
east_or_west,S49,East,0.6685884662576588
east_or_west,S50,East,0.5669461440190223
east_or_west,S51,East,0.5021721848163586
east_or_west,S52,East,0.49751178982049804
east_or_west,S53,East,0.5266133873128892
east_or_west,S54,East,0.5021633953418538
east_or_west,S55,East,0.5331034771183487
east_or_west,S56,West,0.40907270892673775
east_or_west,S57,West,0.4113948399252955
east_or_west,S58,West,0.43995270489563226
east_or_west,S59,West,0.4564349313523701
east_or_west,S60,West,0.4319989926679509
east_or_west,S61,West,0.3497149856766823
east_or_west,S62,West,0.39799480148348854
east_or_west,S63,West,0.3673740446458819
east_or_west,S64,West,0.3558890188834755
east_or_west,S65,West,0.353386314482366
east_or_west,S66,West,0.4535150314983809
east_or_west,S67,West,0.38327030164031145
east_or_west,S68,West,0.38381796976991256
east_or_west,S69,West,0.43123933977412854
east_or_west,S70,West,0.4401713270532182
east_or_west,S71,East,0.7552499632671259
east_or_west,S73,East,0.7558871483491318
east_or_west,S74,East,0.6351203384656686
east_or_west,S75,East,0.6219151040476023
east_or_west,S77,East,0.5062904565507396
east_or_west,S78,East,0.5021164704465646
east_or_west,S80,East,0.6324001940239052
east_or_west,S81,East,0.5001285981487328
east_or_west,S82,East,0.5650600528395244
east_or_west,S83,East,0.5299070390062841
east_or_west,S84,East,0.5240815680939427
east_or_west,S85,East,0.5137714271420123
east_or_west,S86,West,0.4545763821477151
east_or_west,S87,West,0.48924672216807197
east_or_west,S88,West,0.6111194125741393
east_or_west,S89,West,0.6507762346676428
east_or_west,S90,West,0.6950713809905256
east_or_west,S91,West,0.39544991187004885
east_or_west,S92,West,0.3759343080480159
east_or_west,S93,West,0.48843817130319067
east_or_west,S94,West,0.5863729065913981
east_or_west,S95,West,0.4230297447767876
east_or_west,S96,West,0.5794220752368713
east_or_west,S97,West,0.542706629410184
east_or_west,S98,West,0.5530405848189204
east_or_west,S99,West,0.5615884545555897
east_or_west,S100,West,0.5696446439603261
east_or_west,S101,West,0.6545940097001934
east_or_west,S102,West,0.70711939373101
east_or_west,S103,West,0.7121047414326409
east_or_west,S104,West,0.6519759591584996
east_or_west,S105,West,0.6515651662420189
east_or_west,S106,West,0.4138346872700966
east_or_west,S107,West,0.46380581525646425
east_or_west,S108,West,0.48445799118851146
east_or_west,S109,West,0.5382465553383976
east_or_west,S110,West,0.5269667688974119
habitat,S1,Mangrove,0.4444600172625393
habitat,S2,Mangrove,0.4702969124860354
habitat,S3,Mangrove,0.4462194084596531
habitat,S4,Mangrove,0.4318364412162371
habitat,S5,Mangrove,0.43896349834293047
habitat,S6,Mangrove,0.676054131968904
habitat,S7,Mangrove,0.6827849267862969
habitat,S8,Mangrove,0.5924406269668734
habitat,S9,Mangrove,0.6209828090815508
habitat,S10,Mangrove,0.6767659136048072
habitat,S11,Mangrove,0.5125304465803532
habitat,S12,Mangrove,0.5108465161424115
habitat,S13,Mangrove,0.5001587826333405
habitat,S14,Mangrove,0.5141465969410146
habitat,S15,Mangrove,0.49408024731392497
habitat,S16,Coral,0.4729688249562706
habitat,S17,Coral,0.45719661502486103
habitat,S18,Coral,0.455141556902594
habitat,S19,Coral,0.4849493389891211
habitat,S20,Coral,0.4612394712429337
habitat,S21,Mangrove,0.7573257469609063
habitat,S22,Mangrove,0.6131185968316631
habitat,S23,Mangrove,0.5926004563094952
habitat,S24,Mangrove,0.5714948443829606
habitat,S25,Mangrove,0.5239962182990038
habitat,S26,Seagrass,0.6161948444265932
habitat,S27,Seagrass,0.6157996047782478
habitat,S28,Seagrass,0.6747349117816046
habitat,S29,Seagrass,0.7747926393863137
habitat,S30,Seagrass,0.5755104992528515
habitat,S31,Coral,0.40956825290103005
habitat,S32,Coral,0.4992214854755282
habitat,S33,Coral,0.4967137100964291
habitat,S34,Coral,0.516522289542663
habitat,S35,Coral,0.44144104354121855
habitat,S36,Mangrove,0.7272848479362342
habitat,S37,Mangrove,0.7539512778937548
habitat,S38,Mangrove,0.7355832703827685
habitat,S39,Mangrove,0.7418656794065189
habitat,S40,Mangrove,0.6778263845185795
habitat,S41,Coral,0.46908578702676357
habitat,S42,Coral,0.4322322089080616
habitat,S43,Coral,0.48959010408132597
habitat,S44,Coral,0.44848449438237903
habitat,S45,Coral,0.4386041888220388
habitat,S46,Mangrove,0.4820904872288781
habitat,S47,Mangrove,0.589252340472067
habitat,S48,Mangrove,0.4757784191766605
habitat,S49,Mangrove,0.6779174424379272
habitat,S50,Mangrove,0.5443719875283085
habitat,S51,Seagrass,0.45112939905050475
habitat,S52,Seagrass,0.4657766699215988
habitat,S53,Seagrass,0.4501893774721521
habitat,S54,Seagrass,0.42325420717899737
habitat,S55,Seagrass,0.457454545047978
habitat,S56,Coral,0.4561600744149129
habitat,S57,Coral,0.4572184573931202
habitat,S58,Coral,0.48756746915502996
habitat,S59,Coral,0.48735041960551645
habitat,S60,Coral,0.529101749104492
habitat,S61,Mangrove,0.41490148749876027
habitat,S62,Mangrove,0.46224374256004885
habitat,S63,Mangrove,0.43124308613648743
habitat,S64,Mangrove,0.42623171571969404
habitat,S65,Mangrove,0.4229151526803898
habitat,S66,Seagrass,0.4545317438971502
habitat,S67,Seagrass,0.3777300306677896
habitat,S68,Seagrass,0.3956842200344391
habitat,S69,Seagrass,0.46014089263089
habitat,S70,Seagrass,0.4559657128522475
habitat,S71,Coral,0.7880033110399185
habitat,S73,Coral,0.7673387106356797
habitat,S74,Coral,0.6517064100508131
habitat,S75,Coral,0.6306578849093858
habitat,S77,Coral,0.5078197714200715
habitat,S78,Coral,0.5019449482631417
habitat,S80,Coral,0.6386264679503618
habitat,S81,Mangrove,0.4622186585501008
habitat,S82,Mangrove,0.5169840442372883
habitat,S83,Mangrove,0.48565600758894717
habitat,S84,Mangrove,0.4791918192243146
habitat,S85,Mangrove,0.49480259723069847
habitat,S86,Mangrove,0.4797712887392978
habitat,S87,Mangrove,0.49601656423431295
habitat,S88,Mangrove,0.5691495072820508
habitat,S89,Mangrove,0.6010075589620698
habitat,S90,Mangrove,0.6416374315244453
habitat,S91,Seagrass,0.3968418037699716
habitat,S92,Seagrass,0.3716452821987546
habitat,S93,Seagrass,0.4741917742578734
habitat,S94,Seagrass,0.5496511902987293
habitat,S95,Seagrass,0.4145285589979288
habitat,S96,Mangrove,0.5368232764433299
habitat,S97,Mangrove,0.5006216970511069
habitat,S98,Mangrove,0.5091925587666345
habitat,S99,Mangrove,0.5166953936412331
habitat,S100,Mangrove,0.521821283971054
habitat,S101,Coral,0.5928192859627369
habitat,S102,Coral,0.620686874894207
habitat,S103,Coral,0.6322164514269806
habitat,S104,Coral,0.5747012530567345
habitat,S105,Coral,0.5299917692175151
habitat,S106,Mangrove,0.4447026116364625
habitat,S107,Mangrove,0.49022683403752565
habitat,S108,Mangrove,0.5169082869845799
habitat,S109,Mangrove,0.5469987324482076
habitat,S110,Mangrove,0.5459489553399804
site_code,S1,Man_Kukup,0.24678772848941513
site_code,S2,Man_Kukup,0.2431870294286469
site_code,S3,Man_Kukup,0.23343913503657418
site_code,S4,Man_Kukup,0.22952774972088733
site_code,S5,Man_Kukup,0.2669224013812973
site_code,S6,Man_Batu_Pahat,0.1745345354903236
site_code,S7,Man_Batu_Pahat,0.28461045035362953
site_code,S8,Man_Batu_Pahat,0.32792607180645317
site_code,S9,Man_Batu_Pahat,0.29702978202307107
site_code,S10,Man_Batu_Pahat,0.26548703526209066
site_code,S11,Man_PPAF,0.23729641260475473
site_code,S12,Man_PPAF,0.2427498114475828
site_code,S13,Man_PPAF,0.22722957698854301
site_code,S14,Man_PPAF,0.20635175087333466
site_code,S15,Man_PPAF,0.2457798999630142
site_code,S16,Cor_ PB_PP,0.2260175176027467
site_code,S17,Cor_ PB_PP,0.20690884833816311
site_code,S18,Cor_ PB_PP,0.17774095559339298
site_code,S19,Cor_ PB_PP,0.2630460656807376
site_code,S20,Cor_ PB_PP,0.18567851302373434
site_code,S21,Man_Pulau_Tinggi,0.6667850750162194
site_code,S22,Man_Pulau_Tinggi,0.38960011351120727
site_code,S23,Man_Pulau_Tinggi,0.29260743266534056
site_code,S24,Man_Pulau_Tinggi,0.2711202057706742
site_code,S25,Man_Pulau_Tinggi,0.4103276459241975
site_code,S26,SeG_PulauTinggi,0.35269870146926613
site_code,S27,SeG_PulauTinggi,0.3069383460463487
site_code,S28,SeG_PulauTinggi,0.3636608903996435
site_code,S29,SeG_PulauTinggi,0.6930859327647989
site_code,S30,SeG_PulauTinggi,0.19732750668477955
site_code,S31,Cor_Pulau_Tinggi,0.3430336605886593
site_code,S32,Cor_Pulau_Tinggi,0.2695983515404683
site_code,S33,Cor_Pulau_Tinggi,0.2653223219382432
site_code,S34,Cor_Pulau_Tinggi,0.4525279065233704
site_code,S35,Cor_Pulau_Tinggi,0.4358528068323397
site_code,S36,Man_Nenasi,0.31636280125777955
site_code,S37,Man_Nenasi,0.4821819502821231
site_code,S38,Man_Nenasi,0.26538697252406734
site_code,S39,Man_Nenasi,0.5163568710659489
site_code,S40,Man_Nenasi,0.38938226123567105
site_code,S41,Cor_Pulau_Ular,0.313180930350851
site_code,S42,Cor_Pulau_Ular,0.3117609172259015
site_code,S43,Cor_Pulau_Ular,0.46677209568154115
site_code,S44,Cor_Pulau_Ular,0.2919985555678134
site_code,S45,Cor_Pulau_Ular,0.30157846612460004
site_code,S46,Man_Sungai_Ular,0.35080403991545483
site_code,S47,Man_Sungai_Ular,0.4195995771038731
site_code,S48,Man_Sungai_Ular,0.3727412138603622
site_code,S49,Man_Sungai_Ular,0.5890361927608629
site_code,S50,Man_Sungai_Ular,0.3690130488527587
site_code,S51,ManSeG_Paka,0.38771190710470815
site_code,S52,ManSeG_Paka,0.3295578095770796
site_code,S53,ManSeG_Paka,0.22957416782458223
site_code,S54,ManSeG_Paka,0.214142334659562
site_code,S55,ManSeG_Paka,0.251982363299477
site_code,S56,Cor_Pulau_Intan,0.3131270396789671
site_code,S57,Cor_Pulau_Intan,0.27252796774081733
site_code,S58,Cor_Pulau_Intan,0.20576134887794878
site_code,S59,Cor_Pulau_Intan,0.23539501150581238
site_code,S60,Cor_Pulau_Intan,0.25325684310115343
site_code,S61,Man_Selat_Nyior,0.2004473416087573
site_code,S62,Man_Selat_Nyior,0.27651927563090245
site_code,S63,Man_Selat_Nyior,0.27424772506051776
site_code,S64,Man_Selat_Nyior,0.18513959707038025
site_code,S65,Man_Selat_Nyior,0.1782129173590453
site_code,S66,SeG_Tanjung_Rhu,0.39354542334476794
site_code,S67,SeG_Tanjung_Rhu,0.2540965385774936
site_code,S68,SeG_Tanjung_Rhu,0.18455922200935482
site_code,S69,SeG_Tanjung_Rhu,0.29484122271351
site_code,S70,SeG_Tanjung_Rhu,0.2822865246785179
site_code,S71,Cor_Pulau_Redang,0.7679674244338974
site_code,S73,Cor_Pulau_Redang,0.521808807616639
site_code,S74,Cor_Pulau_Redang,0.30981125745016036
site_code,S75,Cor_Pulau_Redang,0.3352396645532138
site_code,S77,Cor_Pulau_Bidong,0.21372005442696973
site_code,S78,Cor_Pulau_Bidong,0.3617247212843227
site_code,S80,Cor_Pulau_Bidong,0.45765525607591356
site_code,S81,Man_Merang,0.22722091994630345
site_code,S82,Man_Merang,0.272065804567557
site_code,S83,Man_Merang,0.21708346973010303
site_code,S84,Man_Merang,0.20237092736065793
site_code,S85,Man_Merang,0.27627842196307156
site_code,S86,Man_Penaga,0.5601516267816786
site_code,S87,Man_Penaga,0.5556230475616224
site_code,S88,Man_Penaga,0.27202421428314205
site_code,S89,Man_Penaga,0.3413837638806441
site_code,S90,Man_Penaga,0.3972287906588425
site_code,S91,SeG_Pulau_Kezambo,0.2996832900742937
site_code,S92,SeG_Pulau_Kezambo,0.22171183966372587
site_code,S93,SeG_Pulau_Kezambo,0.30586119749303564
site_code,S94,SeG_Pulau_Kezambo,0.46232916322583745
site_code,S95,SeG_Pulau_Kezambo,0.2940626304671757
site_code,S96,Man_Kuala_Sepetang,0.34898348228979614
site_code,S97,Man_Kuala_Sepetang,0.2189617321501036
site_code,S98,Man_Kuala_Sepetang,0.20881991808719966
site_code,S99,Man_Kuala_Sepetang,0.295023392217004
site_code,S100,Man_Kuala_Sepetang,0.3096074694742916
site_code,S101,Cor_Pulau_Pangkor,0.43518596573678525
site_code,S102,Cor_Pulau_Pangkor,0.30873304989390443
site_code,S103,Cor_Pulau_Pangkor,0.469867998989259
site_code,S104,Cor_Pulau_Pangkor,0.29023464444867686
site_code,S105,Cor_Pulau_Pangkor,0.43105118728711883
site_code,S106,Man_Pulau_Ketam,0.3161643706734052
site_code,S107,Man_Pulau_Ketam,0.23370434640761395
site_code,S108,Man_Pulau_Ketam,0.27826815047343184
site_code,S109,Man_Pulau_Ketam,0.4398891128602489
site_code,S110,Man_Pulau_Ketam,0.455658687398431
protected_area,S1,N,0.43014825596220213
protected_area,S2,N,0.4620092044616789
protected_area,S3,N,0.4309252409578338
protected_area,S4,N,0.4177458642473947
protected_area,S5,N,0.4188134297044971
protected_area,S6,N,0.7111116073024936
protected_area,S7,N,0.7163649580920017
protected_area,S8,N,0.6266839494786605
protected_area,S9,N,0.6514775082139641
protected_area,S10,N,0.7077341579403686
protected_area,S11,N,0.5290305044915065
protected_area,S12,N,0.5279331452046142
protected_area,S13,N,0.5195599104924169
protected_area,S14,N,0.5295819374820033
protected_area,S15,N,0.5048992287531149
protected_area,S16,Y,0.5435496146233308
protected_area,S17,Y,0.5367238857312407
protected_area,S18,Y,0.5351836457803526
protected_area,S19,Y,0.5508652060619215
protected_area,S20,Y,0.5365805506350907
protected_area,S21,Y,0.6265342071105902
protected_area,S22,Y,0.4862016569687753
protected_area,S23,Y,0.45343519223684114
protected_area,S24,Y,0.41646799354732766
protected_area,S25,Y,0.4419111377510902
protected_area,S26,Y,0.40554663740889374
protected_area,S27,Y,0.4399288952203156
protected_area,S28,Y,0.5107784140614238
protected_area,S29,Y,0.6833012528159843
protected_area,S30,Y,0.37402671606903437
protected_area,S31,Y,0.3710063608599374
protected_area,S32,Y,0.3984578277782619
protected_area,S33,Y,0.39531628499406257
protected_area,S34,Y,0.48797900126579835
protected_area,S35,Y,0.43065226277367175
protected_area,S36,N,0.7510548526096095
protected_area,S37,N,0.7747052345043807
protected_area,S38,N,0.7600011863248255
protected_area,S39,N,0.7641069495874905
protected_area,S40,N,0.7021820648812502
protected_area,S41,N,0.5801206011028011
protected_area,S42,N,0.5283971683343452
protected_area,S43,N,0.6097607070202851
protected_area,S44,N,0.5209099040920163
protected_area,S45,N,0.5640044258483758
protected_area,S46,N,0.5018102989181766
protected_area,S47,N,0.6103908438545025
protected_area,S48,N,0.4849965766840981
protected_area,S49,N,0.6889568719413695
protected_area,S50,N,0.5548148735389026
protected_area,S51,N,0.4723605684392926
protected_area,S52,N,0.4718326277508108
protected_area,S53,N,0.45454644292505175
protected_area,S54,N,0.44532182925395625
protected_area,S55,N,0.46224485718877284
protected_area,S56,N,0.4570910543706949
protected_area,S57,N,0.45563182174864797
protected_area,S58,N,0.4858424373447074
protected_area,S59,N,0.5015231507954098
protected_area,S60,N,0.48115057656889315
protected_area,S61,N,0.38983663175489097
protected_area,S62,N,0.4384212701541099
protected_area,S63,N,0.41337447735265387
protected_area,S64,N,0.39946781580298374
protected_area,S65,N,0.3985658496007126
protected_area,S66,N,0.4738891229534978
protected_area,S67,N,0.4093419824283242
protected_area,S68,N,0.4223591070867378
protected_area,S69,N,0.47192029474896635
protected_area,S70,N,0.4797937929301238
protected_area,S71,Y,0.7427913469230091
protected_area,S73,Y,0.7810151846094612
protected_area,S74,Y,0.6402820700972046
protected_area,S75,Y,0.6287475305585661
protected_area,S77,N,0.6495813294916167
protected_area,S78,N,0.5921384152336062
protected_area,S80,N,0.7367891459779718
protected_area,S81,N,0.4697254920694192
protected_area,S82,N,0.5286305574682043
protected_area,S83,N,0.498344409253213
protected_area,S84,N,0.4873902526607923
protected_area,S85,N,0.5052653150010752
protected_area,S86,N,0.46907039326538985
protected_area,S87,N,0.502625491391469
protected_area,S88,N,0.5895784024961164
protected_area,S89,N,0.6241793021294232
protected_area,S90,N,0.6669589351474918
protected_area,S91,N,0.4239836197493291
protected_area,S92,N,0.4010256384559303
protected_area,S93,N,0.49368713889608884
protected_area,S94,N,0.5776864101214184
protected_area,S95,N,0.4427946760695337
protected_area,S96,N,0.5606209813702133
protected_area,S97,N,0.5252915915871444
protected_area,S98,N,0.5341583885164168
protected_area,S99,N,0.5382233500140241
protected_area,S100,N,0.5460354050986317
protected_area,S101,N,0.6405871653784092
protected_area,S102,N,0.6804607054827169
protected_area,S103,N,0.6869657278096789
protected_area,S104,N,0.6361514801515649
protected_area,S105,N,0.6275651341928133
protected_area,S106,N,0.4394205123763976
protected_area,S107,N,0.4790717567970308
protected_area,S108,N,0.5058105533212933
protected_area,S109,N,0.537324761798779
protected_area,S110,N,0.5384107012402984
