Sample,Sample type,Site name,Site code,Site replicate,Habitat,Coast,Protected area,Latitude,Longitude,Sampling date,Volume (mL),Retained reads,Final analysis status
S1,Environmental sample,Kukup,Man_Kukup,1,Mangrove,West,N,1.334569,103.430838,2025-04-12,5000,3510,Retained
S2,Environmental sample,Kukup,Man_Kukup,2,Mangrove,West,N,1.339308,103.417687,2025-04-12,5000,7155,Retained
S3,Environmental sample,Kukup,Man_Kukup,3,Mangrove,West,N,1.32334,103.417405,2025-04-12,5000,3757,Retained
S4,Environmental sample,Kukup,Man_Kukup,4,Mangrove,West,N,1.307934,103.419101,2025-04-12,5000,2634,Retained
S5,Environmental sample,Kukup,Man_Kukup,5,Mangrove,West,N,1.31334,103.437827,2025-04-12,5000,4166,Retained
S6,Environmental sample,Batu Pahat,Man_Batu_Pahat,1,Mangrove,West,N,1.814848,102.886778,2025-04-13,5000,4231,Retained
S7,Environmental sample,Batu Pahat,Man_Batu_Pahat,2,Mangrove,West,N,1.819224,102.890102,2025-04-13,5000,4937,Retained
RN01,Negative control,Blank,Blank,Blank,Blank,Blank,Blank,Blank,Blank,NA,Blank,0,Negative control
S8,Environmental sample,Batu Pahat,Man_Batu_Pahat,3,Mangrove,West,N,1.813331,102.893828,2025-04-13,5000,13348,Retained
S9,Environmental sample,Batu Pahat,Man_Batu_Pahat,4,Mangrove,West,N,1.817167,102.892885,2025-04-13,5000,9127,Retained
S10,Environmental sample,Batu Pahat,Man_Batu_Pahat,5,Mangrove,West,N,1.822633,102.895415,2025-04-13,5000,6805,Retained
S11,Environmental sample,Pasir Panjang,Man_PPAF,1,Mangrove,West,N,2.400972,101.954072,2025-04-14,5000,17059,Retained
S12,Environmental sample,Pasir Panjang,Man_PPAF,2,Mangrove,West,N,2.404443,101.949849,2025-04-14,5000,14100,Retained
S13,Environmental sample,Pasir Panjang,Man_PPAF,3,Mangrove,West,N,2.40735,101.945124,2025-04-14,5000,15457,Retained
S14,Environmental sample,Pasir Panjang,Man_PPAF,4,Mangrove,West,N,2.408991,101.942416,2025-04-14,5000,15281,Retained
RN02,Negative control,Blank,Blank,Blank,Blank,Blank,Blank,Blank,Blank,NA,Blank,0,Negative control
S15,Environmental sample,Pasir Panjang,Man_PPAF,5,Mangrove,West,N,2.412531,101.939708,2025-04-14,5000,14724,Retained
S16,Environmental sample,Pulau Babi,Cor_ PB_PP,1,Coral,West,Y,2.416537,101.886223,2025-04-15,5000,7029,Retained
S17,Environmental sample,Pulau Babi,Cor_ PB_PP,2,Coral,West,Y,2.415967,101.889648,2025-04-15,5000,5924,Retained
S18,Environmental sample,Pulau Babi,Cor_ PB_PP,3,Coral,West,Y,2.414291,101.892398,2025-04-15,5000,5599,Retained
S19,Environmental sample,Pulau Babi,Cor_ PB_PP,4,Coral,West,Y,2.413761,101.895526,2025-04-15,5000,4591,Retained
S20,Environmental sample,Pulau Babi,Cor_ PB_PP,5,Coral,West,Y,2.417129,101.883533,2025-04-15,5000,5987,Retained
S21,Environmental sample,Pulau Tinggi,Man_Pulau_Tinggi,1,Mangrove,East,Y,2.287462,104.109177,2025-04-26,5000,42,Retained
S22,Environmental sample,Pulau Tinggi,Man_Pulau_Tinggi,2,Mangrove,East,Y,2.289198,104.110969,2025-04-26,5000,432,Retained
S23,Environmental sample,Pulau Tinggi,Man_Pulau_Tinggi,3,Mangrove,East,Y,2.290686,104.110262,2025-04-26,5000,894,Retained
S24,Environmental sample,Pulau Tinggi,Man_Pulau_Tinggi,4,Mangrove,East,Y,2.290271,104.108844,2025-04-26,5000,962,Retained
S25,Environmental sample,Pulau Tinggi,Man_Pulau_Tinggi,5,Mangrove,East,Y,2.289627,104.110053,2025-04-26,5000,2965,Retained
S26,Environmental sample,Pulau Tinggi,SeG_PulauTinggi,1,Seagrass,East,Y,2.280441,104.113867,2025-04-26,5000,538,Retained
S27,Environmental sample,Pulau Tinggi,SeG_PulauTinggi,2,Seagrass,East,Y,2.279617,104.11021,2025-04-26,5000,88,Retained
S28,Environmental sample,Pulau Tinggi,SeG_PulauTinggi,3,Seagrass,East,Y,2.282247,104.106545,2025-04-26,5000,255,Retained
S29,Environmental sample,Pulau Tinggi,SeG_PulauTinggi,4,Seagrass,East,Y,2.28497,104.105134,2025-04-26,5000,32,Retained
RN03,Negative control,Blank,Blank,Blank,Blank,Blank,Blank,Blank,Blank,NA,Blank,0,Negative control
S30,Environmental sample,Pulau Tinggi,SeG_PulauTinggi,5,Seagrass,East,Y,2.288352,104.10363,2025-04-26,5000,221,Retained
S31,Environmental sample,Pulau Tinggi,Cor_Pulau_Tinggi,1,Coral,East,Y,2.312019,104.091371,2025-04-26,5000,702,Retained
S32,Environmental sample,Pulau Tinggi,Cor_Pulau_Tinggi,2,Coral,East,Y,2.309456,104.09154,2025-04-26,5000,223,Retained
S33,Environmental sample,Pulau Tinggi,Cor_Pulau_Tinggi,3,Coral,East,Y,2.302878,104.092553,2025-04-26,5000,525,Retained
S34,Environmental sample,Pulau Tinggi,Cor_Pulau_Tinggi,4,Coral,East,Y,2.303181,104.092958,2025-04-26,5000,184,Retained
S35,Environmental sample,Pulau Tinggi,Cor_Pulau_Tinggi,5,Coral,East,Y,2.301022,104.093701,2025-04-26,5000,1402,Retained
S36,Environmental sample,Nenasi,Man_Nenasi,1,Mangrove,East,N,3.109037,103.443207,2025-04-27,5000,290,Retained
RN04,Negative control,Blank,Blank,Blank,Blank,Blank,Blank,Blank,Blank,NA,Blank,0,Negative control
S37,Environmental sample,Nenasi,Man_Nenasi,2,Mangrove,East,N,3.101512,103.446143,2025-04-27,5000,466,Retained
S38,Environmental sample,Nenasi,Man_Nenasi,3,Mangrove,East,N,3.094182,103.442717,2025-04-27,5000,191,Retained
S39,Environmental sample,Nenasi,Man_Nenasi,4,Mangrove,East,N,3.087342,103.44027,2025-04-27,5000,178,Retained
S40,Environmental sample,Nenasi,Man_Nenasi,5,Mangrove,East,N,3.078358,103.442128,2025-04-27,5000,1032,Retained
S41,Environmental sample,Pulau Ular,Cor_Pulau_Ular,1,Coral,East,N,4.053491,103.404452,2025-04-28,5000,456,Retained
S42,Environmental sample,Pulau Ular,Cor_Pulau_Ular,2,Coral,East,N,4.054416,103.409527,2025-04-28,5000,1654,Retained
S43,Environmental sample,Pulau Ular,Cor_Pulau_Ular,3,Coral,East,N,4.057277,103.409519,2025-04-28,5000,319,Retained
S44,Environmental sample,Pulau Ular,Cor_Pulau_Ular,4,Coral,East,N,4.058469,103.407966,2025-04-28,5000,1979,Retained
S45,Environmental sample,Pulau Ular,Cor_Pulau_Ular,5,Coral,East,N,4.05599,103.405705,2025-04-28,5000,1257,Retained
S46,Environmental sample,Sungai Ular,Man_Sungai_Ular,1,Mangrove,East,N,4.04739,103.39389,2025-04-28,5000,5299,Retained
S47,Environmental sample,Sungai Ular,Man_Sungai_Ular,2,Mangrove,East,N,4.047681,103.395217,2025-04-28,5000,750,Retained
S48,Environmental sample,Sungai Ular,Man_Sungai_Ular,3,Mangrove,East,N,4.048489,103.395758,2025-04-28,5000,9732,Retained
S49,Environmental sample,Sungai Ular,Man_Sungai_Ular,4,Mangrove,East,N,4.04984,103.395527,2025-04-28,5000,255,Retained
S50,Environmental sample,Sungai Ular,Man_Sungai_Ular,5,Mangrove,East,N,4.050552,103.395166,2025-04-28,5000,1036,Retained
S51,Environmental sample,Paka,ManSeG_Paka,1,Seagrass,East,N,4.657741,103.438562,2025-04-28,5000,2331,Retained
RN05,Negative control,Blank,Blank,Blank,Blank,Blank,Blank,Blank,Blank,NA,Blank,0,Negative control
S52,Environmental sample,Paka,ManSeG_Paka,2,Seagrass,East,N,4.656438,103.436615,2025-04-28,5000,2839,Retained
S53,Environmental sample,Paka,ManSeG_Paka,3,Seagrass,East,N,4.653916,103.433807,2025-04-28,5000,7991,Retained
S54,Environmental sample,Paka,ManSeG_Paka,4,Seagrass,East,N,4.648234,103.435003,2025-04-28,5000,4635,Retained
S55,Environmental sample,Paka,ManSeG_Paka,5,Seagrass,East,N,4.644799,103.436867,2025-04-28,5000,6322,Retained
S56,Environmental sample,Pulau Intan,Cor_Pulau_Intan,1,Coral,West,N,6.231933,99.71668,2025-05-14,5000,2244,Retained
S57,Environmental sample,Pulau Intan,Cor_Pulau_Intan,2,Coral,West,N,6.235042,99.713494,2025-05-14,5000,3066,Retained
S58,Environmental sample,Pulau Intan,Cor_Pulau_Intan,3,Coral,West,N,6.241277,99.713092,2025-05-14,5000,8852,Retained
RN06,Negative control,Blank,Blank,Blank,Blank,Blank,Blank,Blank,Blank,NA,Blank,0,Negative control
S59,Environmental sample,Pulau Intan,Cor_Pulau_Intan,4,Coral,West,N,6.242925,99.71689,2025-05-14,5000,3969,Retained
S60,Environmental sample,Pulau Intan,Cor_Pulau_Intan,5,Coral,West,N,6.239442,99.719555,2025-05-14,5000,6624,Retained
S61,Environmental sample,Selat Nyior,Man_Selat_Nyior,1,Mangrove,West,N,6.217682,99.829402,2025-05-14,5000,3351,Retained
S62,Environmental sample,Selat Nyior,Man_Selat_Nyior,2,Mangrove,West,N,6.220929,99.825029,2025-05-14,5000,2245,Retained
S63,Environmental sample,Selat Nyior,Man_Selat_Nyior,3,Mangrove,West,N,6.224728,99.821968,2025-05-14,5000,3283,Retained
S64,Environmental sample,Selat Nyior,Man_Selat_Nyior,4,Mangrove,West,N,6.228636,99.820188,2025-05-14,5000,4430,Retained
S65,Environmental sample,Selat Nyior,Man_Selat_Nyior,5,Mangrove,West,N,6.235251,99.818035,2025-05-14,5000,4936,Retained
S66,Environmental sample,Tanjung Rhu,SeG_Tanjung_Rhu,1,Seagrass,West,N,6.460722,99.827135,2025-05-17,5000,1552,Retained
S67,Environmental sample,Tanjung Rhu,SeG_Tanjung_Rhu,2,Seagrass,West,N,6.460835,99.825327,2025-05-17,5000,2827,Retained
S68,Environmental sample,Tanjung Rhu,SeG_Tanjung_Rhu,3,Seagrass,West,N,6.461043,99.823702,2025-05-17,5000,5011,Retained
S69,Environmental sample,Tanjung Rhu,SeG_Tanjung_Rhu,4,Seagrass,West,N,6.461208,99.823448,2025-05-17,5000,5233,Retained
S70,Environmental sample,Tanjung Rhu,SeG_Tanjung_Rhu,5,Seagrass,West,N,6.461547,99.819962,2025-05-17,5000,3950,Retained
S71,Environmental sample,Pulau Redang,Cor_Pulau_Redang,1,Coral,East,Y,5.814393,103.009382,2025-05-22,5000,3,Retained
S72,Environmental sample,Pulau Redang,Cor_Pulau_Redang,2,Coral,East,Y,5.816391,103.00963,2025-05-22,5000,0,Excluded: zero bacterial reads after QC/taxonomic filtering
S73,Environmental sample,Pulau Redang,Cor_Pulau_Redang,3,Coral,East,Y,5.816677,103.007751,2025-05-22,5000,13,Retained
RN07,Negative control,Blank,Blank,Blank,Blank,Blank,Blank,Blank,Blank,NA,Blank,0,Negative control
S74,Environmental sample,Pulau Redang,Cor_Pulau_Redang,4,Coral,East,Y,5.816281,103.005989,2025-05-22,5000,54,Retained
S75,Environmental sample,Pulau Redang,Cor_Pulau_Redang,5,Coral,East,Y,5.814536,103.006378,2025-05-22,5000,74,Retained
S76,Environmental sample,Pulau Bidong,Cor_Pulau_Bidong,1,Coral,East,N,5.621594,103.056428,2025-05-22,5000,0,Excluded: zero bacterial reads after QC/taxonomic filtering
S77,Environmental sample,Pulau Bidong,Cor_Pulau_Bidong,2,Coral,East,N,5.624215,103.056647,2025-05-22,5000,217,Retained
S78,Environmental sample,Pulau Bidong,Cor_Pulau_Bidong,3,Coral,East,N,5.625977,103.057468,2025-05-22,5000,273,Retained
S79,Environmental sample,Pulau Bidong,Cor_Pulau_Bidong,4,Coral,East,N,5.626976,103.058018,2025-05-22,5000,0,Excluded: zero bacterial reads after QC/taxonomic filtering
S80,Environmental sample,Pulau Bidong,Cor_Pulau_Bidong,5,Coral,East,N,5.627685,103.059864,2025-05-22,5000,44,Retained
EN01,Negative control,Blank,Blank,Blank,Blank,Blank,Blank,Blank,Blank,NA,Blank,0,Negative control
S81,Environmental sample,Merang,Man_Merang,1,Mangrove,East,N,5.527989,102.944516,2025-05-22,5000,3829,Retained
S82,Environmental sample,Merang,Man_Merang,2,Mangrove,East,N,5.526065,102.943286,2025-05-22,5000,12292,Retained
S83,Environmental sample,Merang,Man_Merang,3,Mangrove,East,N,5.526248,102.941049,2025-05-22,5000,5552,Retained
S84,Environmental sample,Merang,Man_Merang,4,Mangrove,East,N,5.528314,102.940522,2025-05-22,5000,4149,Retained
S85,Environmental sample,Merang,Man_Merang,5,Mangrove,East,N,5.528731,102.938759,2025-05-22,5000,2625,Retained
S86,Environmental sample,Penaga,Man_Penaga,1,Mangrove,West,N,5.517253,100.364968,2025-06-09,5000,1811,Retained
S87,Environmental sample,Penaga,Man_Penaga,2,Mangrove,West,N,5.51815,100.366985,2025-06-09,5000,660,Retained
S88,Environmental sample,Penaga,Man_Penaga,3,Mangrove,West,N,5.519453,100.369366,2025-06-09,5000,2864,Retained
S89,Environmental sample,Penaga,Man_Penaga,4,Mangrove,West,N,5.520585,100.371383,2025-06-09,5000,1880,Retained
S90,Environmental sample,Penaga,Man_Penaga,5,Mangrove,West,N,5.522977,100.372478,2025-06-09,5000,2608,Retained
S91,Environmental sample,Pulau Kezambo,SeG_Pulau_Kezambo,1,Seagrass,West,N,5.363009,100.324704,2025-06-09,5000,2510,Retained
S92,Environmental sample,Pulau Kezambo,SeG_Pulau_Kezambo,2,Seagrass,West,N,5.364814,100.324618,2025-06-09,5000,1024,Retained
S93,Environmental sample,Pulau Kezambo,SeG_Pulau_Kezambo,3,Seagrass,West,N,5.365017,100.326968,2025-06-09,5000,493,Retained
S94,Environmental sample,Pulau Kezambo,SeG_Pulau_Kezambo,4,Seagrass,West,N,5.36303,100.327461,2025-06-09,5000,220,Retained
S95,Environmental sample,Pulau Kezambo,SeG_Pulau_Kezambo,5,Seagrass,West,N,5.361535,100.325841,2025-06-09,5000,744,Retained
S96,Environmental sample,Kuala Sepetang,Man_Kuala_Sepetang,1,Mangrove,West,N,4.78359,100.607457,2025-06-11,5000,1085,Retained
S97,Environmental sample,Kuala Sepetang,Man_Kuala_Sepetang,2,Mangrove,West,N,4.787012,100.612692,2025-06-11,5000,1022,Retained
S98,Environmental sample,Kuala Sepetang,Man_Kuala_Sepetang,3,Mangrove,West,N,4.788979,100.618615,2025-06-11,5000,2518,Retained
S99,Environmental sample,Kuala Sepetang,Man_Kuala_Sepetang,4,Mangrove,West,N,4.791801,100.624022,2025-06-11,5000,2339,Retained
S100,Environmental sample,Kuala Sepetang,Man_Kuala_Sepetang,5,Mangrove,West,N,4.797275,100.62634,2025-06-11,5000,2781,Retained
S101,Environmental sample,Pulau Pangkor,Cor_Pulau_Pangkor,1,Coral,West,N,4.190014,100.572274,2025-06-11,5000,147,Retained
S102,Environmental sample,Pulau Pangkor,Cor_Pulau_Pangkor,2,Coral,West,N,4.187189,100.543949,2025-06-11,5000,63,Retained
S103,Environmental sample,Pulau Pangkor,Cor_Pulau_Pangkor,3,Coral,West,N,4.192025,100.537855,2025-06-11,5000,145,Retained
S104,Environmental sample,Pulau Pangkor,Cor_Pulau_Pangkor,4,Coral,West,N,4.203476,100.545476,2025-06-11,5000,160,Retained
S105,Environmental sample,Pulau Pangkor,Cor_Pulau_Pangkor,5,Coral,West,N,4.194839,100.559803,2025-06-11,5000,276,Retained
S106,Environmental sample,Pulau Ketam,Man_Pulau_Ketam,1,Mangrove,West,N,3.024487,101.320359,2025-06-13,5000,900,Retained
S107,Environmental sample,Pulau Ketam,Man_Pulau_Ketam,2,Mangrove,West,N,3.021921,101.326184,2025-06-13,5000,427,Retained
S108,Environmental sample,Pulau Ketam,Man_Pulau_Ketam,3,Mangrove,West,N,3.014735,101.325529,2025-06-13,5000,341,Retained
S109,Environmental sample,Pulau Ketam,Man_Pulau_Ketam,4,Mangrove,West,N,3.016972,101.333548,2025-06-13,5000,220,Retained
S110,Environmental sample,Pulau Ketam,Man_Pulau_Ketam,5,Mangrove,West,N,3.01341,101.336968,2025-06-13,5000,318,Retained
EN02,Negative control,Blank,Blank,Blank,Blank,Blank,Blank,Blank,Blank,NA,Blank,0,Negative control
EN03,Negative control,Blank,Blank,Blank,Blank,Blank,Blank,Blank,Blank,NA,Blank,0,Negative control
