sample_id,latitude,longitude,habitat,east_or_west,site_code,protected_area,control
1,1.334569,103.430838,Mangrove,West,Man_Kukup,N,NA
2,1.339308,103.417687,Mangrove,West,Man_Kukup,N,NA
3,1.32334,103.417405,Mangrove,West,Man_Kukup,N,NA
4,1.307934,103.419101,Mangrove,West,Man_Kukup,N,NA
5,1.31334,103.437827,Mangrove,West,Man_Kukup,N,NA
6,1.814848,102.886778,Mangrove,West,Man_Batu_Pahat,N,NA
7,1.819224,102.890102,Mangrove,West,Man_Batu_Pahat,N,NA
8,1.813331,102.893828,Mangrove,West,Man_Batu_Pahat,N,NA
9,1.817167,102.892885,Mangrove,West,Man_Batu_Pahat,N,NA
10,1.822633,102.895415,Mangrove,West,Man_Batu_Pahat,N,NA
11,2.400972,101.954072,Mangrove,West,Man_PPAF,N,NA
12,2.404443,101.949849,Mangrove,West,Man_PPAF,N,NA
13,2.40735,101.945124,Mangrove,West,Man_PPAF,N,NA
14,2.408991,101.942416,Mangrove,West,Man_PPAF,N,NA
15,2.412531,101.939708,Mangrove,West,Man_PPAF,N,NA
16,2.416537,101.886223,Coral,West,Cor_ PB_PP,Y,NA
17,2.415967,101.889648,Coral,West,Cor_ PB_PP,Y,NA
18,2.414291,101.892398,Coral,West,Cor_ PB_PP,Y,NA
19,2.413761,101.895526,Coral,West,Cor_ PB_PP,Y,NA
20,2.417129,101.883533,Coral,West,Cor_ PB_PP,Y,NA
21,2.287462,104.109177,Mangrove,East,Man_Pulau_Tinggi,Y,NA
22,2.289198,104.110969,Mangrove,East,Man_Pulau_Tinggi,Y,NA
23,2.290686,104.110262,Mangrove,East,Man_Pulau_Tinggi,Y,NA
24,2.290271,104.108844,Mangrove,East,Man_Pulau_Tinggi,Y,NA
25,2.289627,104.110053,Mangrove,East,Man_Pulau_Tinggi,Y,NA
26,2.280441,104.113867,Seagrass,East,SeG_PulauTinggi,Y,NA
27,2.279617,104.11021,Seagrass,East,SeG_PulauTinggi,Y,NA
28,2.282247,104.106545,Seagrass,East,SeG_PulauTinggi,Y,NA
29,2.28497,104.105134,Seagrass,East,SeG_PulauTinggi,Y,NA
30,2.288352,104.10363,Seagrass,East,SeG_PulauTinggi,Y,NA
31,2.312019,104.091371,Coral,East,Cor_Pulau_Tinggi,Y,NA
32,2.309456,104.09154,Coral,East,Cor_Pulau_Tinggi,Y,NA
33,2.302878,104.092553,Coral,East,Cor_Pulau_Tinggi,Y,NA
34,2.303181,104.092958,Coral,East,Cor_Pulau_Tinggi,Y,NA
35,2.301022,104.093701,Coral,East,Cor_Pulau_Tinggi,Y,NA
36,3.109037,103.443207,Mangrove,East,Man_Nenasi,N,NA
37,3.101512,103.446143,Mangrove,East,Man_Nenasi,N,NA
38,3.094182,103.442717,Mangrove,East,Man_Nenasi,N,NA
39,3.087342,103.44027,Mangrove,East,Man_Nenasi,N,NA
40,3.078358,103.442128,Mangrove,East,Man_Nenasi,N,NA
41,4.053491,103.404452,Coral,East,Cor_Pulau_Ular,N,NA
42,4.054416,103.409527,Coral,East,Cor_Pulau_Ular,N,NA
43,4.057277,103.409519,Coral,East,Cor_Pulau_Ular,N,NA
44,4.058469,103.407966,Coral,East,Cor_Pulau_Ular,N,NA
45,4.05599,103.405705,Coral,East,Cor_Pulau_Ular,N,NA
46,4.04739,103.39389,Mangrove,East,Man_Sungai_Ular,N,NA
47,4.047681,103.395217,Mangrove,East,Man_Sungai_Ular,N,NA
48,4.048489,103.395758,Mangrove,East,Man_Sungai_Ular,N,NA
49,4.04984,103.395527,Mangrove,East,Man_Sungai_Ular,N,NA
50,4.050552,103.395166,Mangrove,East,Man_Sungai_Ular,N,NA
51,4.657741,103.438562,Seagrass,East,ManSeG_Paka,N,NA
52,4.656438,103.436615,Seagrass,East,ManSeG_Paka,N,NA
53,4.653916,103.433807,Seagrass,East,ManSeG_Paka,N,NA
54,4.648234,103.435003,Seagrass,East,ManSeG_Paka,N,NA
55,4.644799,103.436867,Seagrass,East,ManSeG_Paka,N,NA
56,6.231933,99.71668,Coral,West,Cor_Pulau_Intan,N,NA
57,6.235042,99.713494,Coral,West,Cor_Pulau_Intan,N,NA
58,6.241277,99.713092,Coral,West,Cor_Pulau_Intan,N,NA
59,6.242925,99.71689,Coral,West,Cor_Pulau_Intan,N,NA
60,6.239442,99.719555,Coral,West,Cor_Pulau_Intan,N,NA
61,6.217682,99.829402,Mangrove,West,Man_Selat_Nyior,N,NA
62,6.220929,99.825029,Mangrove,West,Man_Selat_Nyior,N,NA
63,6.224728,99.821968,Mangrove,West,Man_Selat_Nyior,N,NA
64,6.228636,99.820188,Mangrove,West,Man_Selat_Nyior,N,NA
65,6.235251,99.818035,Mangrove,West,Man_Selat_Nyior,N,NA
66,6.460722,99.827135,Seagrass,West,SeG_Tanjung_Rhu,N,NA
67,6.460835,99.825327,Seagrass,West,SeG_Tanjung_Rhu,N,NA
68,6.461043,99.823702,Seagrass,West,SeG_Tanjung_Rhu,N,NA
69,6.461208,99.823448,Seagrass,West,SeG_Tanjung_Rhu,N,NA
70,6.461547,99.819962,Seagrass,West,SeG_Tanjung_Rhu,N,NA
71,5.814393,103.009382,Coral,East,Cor_Pulau_Redang,Y,NA
73,5.816677,103.007751,Coral,East,Cor_Pulau_Redang,Y,NA
74,5.816281,103.005989,Coral,East,Cor_Pulau_Redang,Y,NA
75,5.814536,103.006378,Coral,East,Cor_Pulau_Redang,Y,NA
77,5.624215,103.056647,Coral,East,Cor_Pulau_Bidong,N,NA
78,5.625977,103.057468,Coral,East,Cor_Pulau_Bidong,N,NA
80,5.627685,103.059864,Coral,East,Cor_Pulau_Bidong,N,NA
81,5.527989,102.944516,Mangrove,East,Man_Merang,N,NA
82,5.526065,102.943286,Mangrove,East,Man_Merang,N,NA
83,5.526248,102.941049,Mangrove,East,Man_Merang,N,NA
84,5.528314,102.940522,Mangrove,East,Man_Merang,N,NA
85,5.528731,102.938759,Mangrove,East,Man_Merang,N,NA
86,5.517253,100.364968,Mangrove,West,Man_Penaga,N,NA
87,5.51815,100.366985,Mangrove,West,Man_Penaga,N,NA
88,5.519453,100.369366,Mangrove,West,Man_Penaga,N,NA
89,5.520585,100.371383,Mangrove,West,Man_Penaga,N,NA
90,5.522977,100.372478,Mangrove,West,Man_Penaga,N,NA
91,5.363009,100.324704,Seagrass,West,SeG_Pulau_Kezambo,N,NA
92,5.364814,100.324618,Seagrass,West,SeG_Pulau_Kezambo,N,NA
93,5.365017,100.326968,Seagrass,West,SeG_Pulau_Kezambo,N,NA
94,5.36303,100.327461,Seagrass,West,SeG_Pulau_Kezambo,N,NA
95,5.361535,100.325841,Seagrass,West,SeG_Pulau_Kezambo,N,NA
96,4.78359,100.607457,Mangrove,West,Man_Kuala_Sepetang,N,NA
97,4.787012,100.612692,Mangrove,West,Man_Kuala_Sepetang,N,NA
98,4.788979,100.618615,Mangrove,West,Man_Kuala_Sepetang,N,NA
99,4.791801,100.624022,Mangrove,West,Man_Kuala_Sepetang,N,NA
100,4.797275,100.62634,Mangrove,West,Man_Kuala_Sepetang,N,NA
101,4.190014,100.572274,Coral,West,Cor_Pulau_Pangkor,N,NA
102,4.187189,100.543949,Coral,West,Cor_Pulau_Pangkor,N,NA
103,4.192025,100.537855,Coral,West,Cor_Pulau_Pangkor,N,NA
104,4.203476,100.545476,Coral,West,Cor_Pulau_Pangkor,N,NA
105,4.194839,100.559803,Coral,West,Cor_Pulau_Pangkor,N,NA
106,3.024487,101.320359,Mangrove,West,Man_Pulau_Ketam,N,NA
107,3.021921,101.326184,Mangrove,West,Man_Pulau_Ketam,N,NA
108,3.014735,101.325529,Mangrove,West,Man_Pulau_Ketam,N,NA
109,3.016972,101.333548,Mangrove,West,Man_Pulau_Ketam,N,NA
110,3.01341,101.336968,Mangrove,West,Man_Pulau_Ketam,N,NA
