sample_name,Observed,Shannon,Simpson,plate,well_position,well_pos,sample_id,site_code,site_replicate,latitude,longitude,environmental_sample,habitat,protected_area,site_name,east_or_west,notes,sampling_date,volume_ml,total_reads,len_mean,depth_flag,filtered_path,control,sample_name_orig,east_west
S1,128,4.571012887327236,0.9862255988181914,Plate 1,A01,A,1,Man_Kukup,1,1.334569,103.430838,water,mangrove,N,Kukup,West,Mangrove Kukup,2025-04-12 00:00:00,5000,3826,1481.76,ok,./data/16S/filtered/1_filtered.fastq.gz,NA,1,west
S2,204,4.926560046346053,0.9887492925199767,Plate 1,B01,B,2,Man_Kukup,2,1.339308,103.417687,water,mangrove,N,Kukup,West,Mangrove Kukup,2025-04-12 00:00:00,5000,7687,1476.32,ok,./data/16S/filtered/2_filtered.fastq.gz,NA,2,west
S3,138,4.610189269118392,0.9854035930020505,Plate 1,C01,C,3,Man_Kukup,3,1.32334,103.417405,water,mangrove,N,Kukup,West,Mangrove Kukup,2025-04-12 00:00:00,5000,3942,1480.97,ok,./data/16S/filtered/3_filtered.fastq.gz,NA,3,west
S4,104,4.421601656049507,0.9850512168137129,Plate 1,D01,D,4,Man_Kukup,4,1.307934,103.419101,water,mangrove,N,Kukup,West,Mangrove Kukup,2025-04-12 00:00:00,5000,2886,1478.25,ok,./data/16S/filtered/4_filtered.fastq.gz,NA,4,west
S5,141,4.58931034933135,0.9845216137126347,Plate 1,E01,E,5,Man_Kukup,5,1.31334,103.437827,water,mangrove,N,Kukup,West,Mangrove Kukup,2025-04-12 00:00:00,5000,4378,1475.93,ok,./data/16S/filtered/5_filtered.fastq.gz,NA,5,west
S6,54,3.03648771511725,0.8956129089849649,Plate 1,F01,F,6,Man_Batu_Pahat,1,1.814848,102.886778,water,mangrove,N,Batu Pahat,West,Mangrove Batu Pahat,2025-04-13 00:00:00,5000,4751,1486.17,ok,./data/16S/filtered/6_filtered.fastq.gz,NA,6,west
S7,51,2.9369068042544146,0.893635172835413,Plate 1,G01,G,7,Man_Batu_Pahat,2,1.819224,102.890102,water,mangrove,N,Batu Pahat,West,Mangrove Batu Pahat,2025-04-13 00:00:00,5000,5564,1488.23,ok,./data/16S/filtered/7_filtered.fastq.gz,NA,7,west
S8,91,3.0416961381637284,0.8924144558755821,Plate 1,A02,A,8,Man_Batu_Pahat,3,1.813331,102.893828,water,mangrove,N,Batu Pahat,West,Mangrove Batu Pahat,2025-04-13 00:00:00,5000,15069,1489.86,ok,./data/16S/filtered/8_filtered.fastq.gz,NA,8,west
S9,81,3.216099356881787,0.8934998047889028,Plate 1,B02,B,9,Man_Batu_Pahat,4,1.817167,102.892885,water,mangrove,N,Batu Pahat,West,Mangrove Batu Pahat,2025-04-13 00:00:00,5000,10793,1487.43,ok,./data/16S/filtered/9_filtered.fastq.gz,NA,9,west
S10,70,3.1902254232733465,0.9111397430574938,Plate 1,C02,C,10,Man_Batu_Pahat,5,1.822633,102.895415,water,mangrove,N,Batu Pahat,West,Mangrove Batu Pahat,2025-04-13 00:00:00,5000,7761,1486.51,ok,./data/16S/filtered/10_filtered.fastq.gz,NA,10,west
S11,389,5.421001861817827,0.9927005093005887,Plate 1,D02,D,11,Man_PPAF,1,2.400972,101.954072,water,mangrove,N,Pasir Panjang,West,Mangrove Pasir Panjang Amenity Forest,2025-04-14 00:00:00,5000,18781,1471.43,ok,./data/16S/filtered/11_filtered.fastq.gz,NA,11,west
S12,360,5.373088339914846,0.9922456818067502,Plate 1,E02,E,12,Man_PPAF,2,2.404443,101.949849,water,mangrove,N,Pasir Panjang,West,Mangrove Pasir Panjang Amenity Forest,2025-04-14 00:00:00,5000,15980,1470.56,ok,./data/16S/filtered/12_filtered.fastq.gz,NA,12,west
S13,380,5.451126719639718,0.9926547235291595,Plate 1,F02,F,13,Man_PPAF,3,2.40735,101.945124,water,mangrove,N,Pasir Panjang,West,Mangrove Pasir Panjang Amenity Forest,2025-04-14 00:00:00,5000,17067,1464.81,ok,./data/16S/filtered/13_filtered.fastq.gz,NA,13,west
S14,375,5.4527089397888915,0.9924817146524839,Plate 1,G02,G,14,Man_PPAF,4,2.408991,101.942416,water,mangrove,N,Pasir Panjang,West,Mangrove Pasir Panjang Amenity Forest,2025-04-14 00:00:00,5000,16555,1469.68,ok,./data/16S/filtered/14_filtered.fastq.gz,NA,14,west
S15,387,5.499769951218419,0.9935443695279939,Plate 1,A03,A,15,Man_PPAF,5,2.412531,101.939708,water,mangrove,N,Pasir Panjang,West,Mangrove Pasir Panjang Amenity Forest,2025-04-14 00:00:00,5000,16125,1467.78,ok,./data/16S/filtered/15_filtered.fastq.gz,NA,15,west
S16,221,5.079202004942811,0.990971108636555,Plate 1,B03,B,16,Cor_ PB_PP,1,2.416537,101.886223,water,coral,Y,Pulau Babi,West,Coral Pulau Babi_Pulau Perjudi,2025-04-15 00:00:00,5000,7566,1464.33,ok,./data/16S/filtered/16_filtered.fastq.gz,NA,16,west
S17,205,5.045049955871542,0.9914785459393142,Plate 1,C03,C,17,Cor_ PB_PP,2,2.415967,101.889648,water,coral,Y,Pulau Babi,West,Coral Pulau Babi_Pulau Perjudi,2025-04-15 00:00:00,5000,6478,1466.22,ok,./data/16S/filtered/17_filtered.fastq.gz,NA,17,west
S18,212,5.120975067103779,0.9924632205231709,Plate 1,D03,D,18,Cor_ PB_PP,3,2.414291,101.892398,water,coral,Y,Pulau Babi,West,Coral Pulau Babi_Pulau Perjudi,2025-04-15 00:00:00,5000,5937,1471.55,ok,./data/16S/filtered/18_filtered.fastq.gz,NA,18,west
S19,186,5.010091982253565,0.9917062831776072,Plate 1,E03,E,19,Cor_ PB_PP,4,2.413761,101.895526,water,coral,Y,Pulau Babi,West,Coral Pulau Babi_Pulau Perjudi,2025-04-15 00:00:00,5000,4949,1469.08,ok,./data/16S/filtered/19_filtered.fastq.gz,NA,19,west
S20,215,5.034650505829935,0.9904833893624372,Plate 1,F03,F,20,Cor_ PB_PP,5,2.417129,101.883533,water,coral,Y,Pulau Babi,West,Coral Pulau Babi_Pulau Perjudi,2025-04-15 00:00:00,5000,6613,1465.83,ok,./data/16S/filtered/20_filtered.fastq.gz,NA,20,west
S21,3,0.6667858912585133,0.35941043083900226,Plate 1,G03,G,21,Man_Pulau_Tinggi,1,2.287462,104.109177,water,mangrove,Y,Pulau Tinggi,East,Mangrove Pulau Tinggi,2025-04-26 00:00:00,5000,42,1471.98,ok,./data/16S/filtered/21_filtered.fastq.gz,NA,21,east
S22,17,2.5707555851119874,0.9102687757201646,Plate 1,H03,H,22,Man_Pulau_Tinggi,2,2.289198,104.110969,water,mangrove,Y,Pulau Tinggi,East,Mangrove Pulau Tinggi,2025-04-26 00:00:00,5000,458,1470.87,ok,./data/16S/filtered/22_filtered.fastq.gz,NA,22,east
S23,40,3.363616377127153,0.9521668193124434,Plate 1,A04,A,23,Man_Pulau_Tinggi,3,2.290686,104.110262,water,mangrove,Y,Pulau Tinggi,East,Mangrove Pulau Tinggi,2025-04-26 00:00:00,5000,955,1479.89,ok,./data/16S/filtered/23_filtered.fastq.gz,NA,23,east
S24,44,3.4943590236806625,0.9598376563033527,Plate 1,B04,B,24,Man_Pulau_Tinggi,4,2.290271,104.108844,water,mangrove,Y,Pulau Tinggi,East,Mangrove Pulau Tinggi,2025-04-26 00:00:00,5000,1027,1475.6,ok,./data/16S/filtered/24_filtered.fastq.gz,NA,24,east
S25,106,4.377054395697293,0.9823734462489585,Plate 1,C04,C,25,Man_Pulau_Tinggi,5,2.289627,104.110053,water,mangrove,Y,Pulau Tinggi,East,Mangrove Pulau Tinggi,2025-04-26 00:00:00,5000,3115,1472.55,ok,./data/16S/filtered/25_filtered.fastq.gz,NA,25,east
S26,26,3.0810701434252175,0.9465803402385262,Plate 1,D04,D,26,SeG_PulauTinggi,1,2.280441,104.113867,water,seagrass,Y,Pulau Tinggi,East,Seagrass_PulauTinggi,2025-04-26 00:00:00,5000,546,1475.37,ok,./data/16S/filtered/26_filtered.fastq.gz,NA,26,east
S27,8,1.901303193396798,0.8287706611570248,Plate 1,E04,E,27,SeG_PulauTinggi,2,2.279617,104.11021,water,seagrass,Y,Pulau Tinggi,East,Seagrass_PulauTinggi,2025-04-26 00:00:00,5000,88,1474.4,ok,./data/16S/filtered/27_filtered.fastq.gz,NA,27,east
S28,12,2.3190470450866707,0.8899653979238754,Plate 1,F04,F,28,SeG_PulauTinggi,3,2.282247,104.106545,water,seagrass,Y,Pulau Tinggi,East,Seagrass_PulauTinggi,2025-04-26 00:00:00,5000,273,1474.01,ok,./data/16S/filtered/28_filtered.fastq.gz,NA,28,east
S29,3,0.9470571522825082,0.5703125,Plate 1,G04,G,29,SeG_PulauTinggi,4,2.28497,104.105134,water,seagrass,Y,Pulau Tinggi,East,Seagrass_PulauTinggi,2025-04-26 00:00:00,5000,32,1474.47,ok,./data/16S/filtered/29_filtered.fastq.gz,NA,29,east
S30,13,2.3469342422311774,0.8839294854732704,Plate 1,A05,A,30,SeG_PulauTinggi,5,2.288352,104.10363,water,seagrass,Y,Pulau Tinggi,East,Seagrass_PulauTinggi,2025-04-26 00:00:00,5000,221,1475.44,ok,./data/16S/filtered/30_filtered.fastq.gz,NA,30,east
S31,35,3.2649351054026363,0.948799116890285,Plate 1,B05,B,31,Cor_Pulau_Tinggi,1,2.312019,104.091371,water,coral,Y,Pulau Tinggi,East,Coral Pulau Tinggi,2025-04-26 00:00:00,5000,731,1475.08,ok,./data/16S/filtered/31_filtered.fastq.gz,NA,31,east
S32,17,2.635359201217499,0.9163667075549478,Plate 1,C05,C,32,Cor_Pulau_Tinggi,2,2.309456,104.09154,water,coral,Y,Pulau Tinggi,East,Coral Pulau Tinggi,2025-04-26 00:00:00,5000,223,1474.63,ok,./data/16S/filtered/32_filtered.fastq.gz,NA,32,east
S33,24,2.8558930660300894,0.9232907029478459,Plate 1,D05,D,33,Cor_Pulau_Tinggi,3,2.302878,104.092553,water,coral,Y,Pulau Tinggi,East,Coral Pulau Tinggi,2025-04-26 00:00:00,5000,525,1476.26,ok,./data/16S/filtered/33_filtered.fastq.gz,NA,33,east
S34,13,2.1664005324134155,0.8338256143667296,Plate 1,E05,E,34,Cor_Pulau_Tinggi,4,2.303181,104.092958,water,coral,Y,Pulau Tinggi,East,Coral Pulau Tinggi,2025-04-26 00:00:00,5000,184,1475.86,ok,./data/16S/filtered/34_filtered.fastq.gz,NA,34,east
S35,47,3.4244095309732003,0.9393886052327935,Plate 1,F05,F,35,Cor_Pulau_Tinggi,5,2.301022,104.093701,water,coral,Y,Pulau Tinggi,East,Coral Pulau Tinggi,2025-04-26 00:00:00,5000,1528,1470.65,ok,./data/16S/filtered/35_filtered.fastq.gz,NA,35,east
S36,10,2.039601101838997,0.848347205707491,Plate 1,G05,G,36,Man_Nenasi,1,3.109037,103.443207,water,mangrove,N,Nenasi,East,Mangrove Nenasi,2025-04-27 00:00:00,5000,353,1484.58,ok,./data/16S/filtered/36_filtered.fastq.gz,NA,36,east
S37,17,2.4235697348008465,0.8840464919228573,Plate 1,A06,A,37,Man_Nenasi,2,3.101512,103.446143,water,mangrove,N,Nenasi,East,Mangrove Nenasi,2025-04-27 00:00:00,5000,466,1486.66,ok,./data/16S/filtered/37_filtered.fastq.gz,NA,37,east
S38,9,1.9215584264503383,0.8334201365094158,Plate 1,B06,B,38,Man_Nenasi,3,3.094182,103.442717,water,mangrove,N,Nenasi,East,Mangrove Nenasi,2025-04-27 00:00:00,5000,191,1481.65,ok,./data/16S/filtered/38_filtered.fastq.gz,NA,38,east
S39,6,1.5748389551731699,0.7747759121323066,Plate 1,C06,C,39,Man_Nenasi,4,3.087342,103.44027,water,mangrove,N,Nenasi,East,Mangrove Nenasi,2025-04-27 00:00:00,5000,191,1483.56,ok,./data/16S/filtered/39_filtered.fastq.gz,NA,39,east
S40,24,2.8639398792370825,0.9257162279911063,Plate 1,D06,D,40,Man_Nenasi,5,3.078358,103.442128,water,mangrove,N,Nenasi,East,Mangrove Nenasi,2025-04-27 00:00:00,5000,1107,1480.31,ok,./data/16S/filtered/40_filtered.fastq.gz,NA,40,east
S41,27,2.9873043063189453,0.9347202985534011,Plate 1,E06,E,41,Cor_Pulau_Ular,1,4.053491,103.404452,water,coral,N,Pulau Ular,East,Coral Pulau Ular,2025-04-28 00:00:00,5000,472,1480.51,ok,./data/16S/filtered/41_filtered.fastq.gz,NA,41,east
S42,75,4.042922585550663,0.9771182388815214,Plate 1,F06,F,42,Cor_Pulau_Ular,2,4.054416,103.409527,water,coral,N,Pulau Ular,East,Coral Pulau Ular,2025-04-28 00:00:00,5000,1830,1483.87,ok,./data/16S/filtered/42_filtered.fastq.gz,NA,42,east
S43,15,2.3092014976159456,0.8744214384685686,Plate 1,G06,G,43,Cor_Pulau_Ular,3,4.057277,103.409519,water,coral,N,Pulau Ular,East,Coral Pulau Ular,2025-04-28 00:00:00,5000,319,1480.7,ok,./data/16S/filtered/43_filtered.fastq.gz,NA,43,east
S44,88,4.206398276566124,0.9805320698052135,Plate 1,H06,H,44,Cor_Pulau_Ular,4,4.058469,103.407966,water,coral,N,Pulau Ular,East,Coral Pulau Ular,2025-04-28 00:00:00,5000,1997,1474.67,ok,./data/16S/filtered/44_filtered.fastq.gz,NA,44,east
S45,51,3.6659957138362698,0.9681535192895916,Plate 1,A07,A,45,Cor_Pulau_Ular,5,4.05599,103.405705,water,coral,N,Pulau Ular,East,Coral Pulau Ular,2025-04-28 00:00:00,5000,1301,1481.29,ok,./data/16S/filtered/45_filtered.fastq.gz,NA,45,east
S46,138,4.487098380278912,0.9809110244196448,Plate 1,B07,B,46,Man_Sungai_Ular,1,4.04739,103.39389,water,mangrove,N,Sungai Ular,East,Mangrove Sungai Ular,2025-04-28 00:00:00,5000,5619,1473.73,ok,./data/16S/filtered/46_filtered.fastq.gz,NA,46,east
S47,32,3.0705793199613454,0.9327075555555555,Plate 1,C07,C,47,Man_Sungai_Ular,2,4.047681,103.395217,water,mangrove,N,Sungai Ular,East,Mangrove Sungai Ular,2025-04-28 00:00:00,5000,750,1467.2,ok,./data/16S/filtered/47_filtered.fastq.gz,NA,47,east
S48,198,4.6472278585071,0.9805168782305365,Plate 1,D07,D,48,Man_Sungai_Ular,3,4.048489,103.395758,water,mangrove,N,Sungai Ular,East,Mangrove Sungai Ular,2025-04-28 00:00:00,5000,10830,1472.89,ok,./data/16S/filtered/48_filtered.fastq.gz,NA,48,east
S49,11,2.1757905062693417,0.8663437139561707,Plate 1,E07,E,49,Man_Sungai_Ular,4,4.04984,103.395527,water,mangrove,N,Sungai Ular,East,Mangrove Sungai Ular,2025-04-28 00:00:00,5000,255,1474.1,ok,./data/16S/filtered/49_filtered.fastq.gz,NA,49,east
S50,38,3.3412988930905136,0.9550040249847199,Plate 1,F07,F,50,Man_Sungai_Ular,5,4.050552,103.395166,water,mangrove,N,Sungai Ular,East,Mangrove Sungai Ular,2025-04-28 00:00:00,5000,1098,1470.36,ok,./data/16S/filtered/50_filtered.fastq.gz,NA,50,east
S51,78,4.132264911347501,0.980492903272826,Plate 1,G07,G,51,ManSeG_Paka,1,4.657741,103.438562,water,seagrass,N,Paka,East,Paka mix mangrove seagrass,2025-04-28 00:00:00,5000,2455,1468.88,ok,./data/16S/filtered/51_filtered.fastq.gz,NA,51,east
S52,97,4.305781708341948,0.9826892844235073,Plate 1,A08,A,52,ManSeG_Paka,2,4.656438,103.436615,water,seagrass,N,Paka,East,Paka mix mangrove seagrass,2025-04-28 00:00:00,5000,3095,1469.31,ok,./data/16S/filtered/52_filtered.fastq.gz,NA,52,east
S53,193,4.822642477306236,0.9874703397472827,Plate 1,B08,B,53,ManSeG_Paka,3,4.653916,103.433807,water,seagrass,N,Paka,East,Paka mix mangrove seagrass,2025-04-28 00:00:00,5000,8391,1468.08,ok,./data/16S/filtered/53_filtered.fastq.gz,NA,53,east
S54,123,4.480719823516689,0.9845611168714195,Plate 1,C08,C,54,ManSeG_Paka,4,4.648234,103.435003,water,seagrass,N,Paka,East,Paka mix mangrove seagrass,2025-04-28 00:00:00,5000,4952,1463.37,ok,./data/16S/filtered/54_filtered.fastq.gz,NA,54,east
S55,163,4.750408774547419,0.9881776987628305,Plate 1,D08,D,55,ManSeG_Paka,5,4.644799,103.436867,water,seagrass,N,Paka,East,Paka mix mangrove seagrass,2025-04-28 00:00:00,5000,6984,1466.17,ok,./data/16S/filtered/55_filtered.fastq.gz,NA,55,east
S56,100,4.318211044948214,0.981586865827193,Plate 1,E08,E,56,Cor_Pulau_Intan,1,6.231933,99.71668,water,coral,N,Pulau Intan,West,Coral Pulau Intan,2025-05-14 00:00:00,5000,2499,1476.02,ok,./data/16S/filtered/56_filtered.fastq.gz,NA,56,west
S57,109,4.4224423817281515,0.9843218703632075,Plate 1,F08,F,57,Cor_Pulau_Intan,2,6.235042,99.713494,water,coral,N,Pulau Intan,West,Coral Pulau Intan,2025-05-14 00:00:00,5000,3292,1473.24,ok,./data/16S/filtered/57_filtered.fastq.gz,NA,57,west
S58,249,5.106158692520574,0.9904359361118185,Plate 1,G08,G,58,Cor_Pulau_Intan,3,6.241277,99.713092,water,coral,N,Pulau Intan,West,Coral Pulau Intan,2025-05-14 00:00:00,5000,9504,1472.99,ok,./data/16S/filtered/58_filtered.fastq.gz,NA,58,west
S59,152,4.685091322182442,0.9870658601897129,Plate 1,A09,A,59,Cor_Pulau_Intan,4,6.242925,99.71689,water,coral,N,Pulau Intan,West,Coral Pulau Intan,2025-05-14 00:00:00,5000,4162,1471.89,ok,./data/16S/filtered/59_filtered.fastq.gz,NA,59,west
S60,206,4.924831062563455,0.988474743795071,Plate 1,B09,B,60,Cor_Pulau_Intan,5,6.239442,99.719555,water,coral,N,Pulau Intan,West,Coral Pulau Intan,2025-05-14 00:00:00,5000,7084,1472.58,ok,./data/16S/filtered/60_filtered.fastq.gz,NA,60,west
S61,121,4.481870904209497,0.9834769187941332,Plate 1,C09,C,61,Man_Selat_Nyior,1,6.217682,99.829402,water,mangrove,N,Selat Nyior,West,Mangrove Selat Nyior,2025-05-14 00:00:00,5000,3537,1475.94,ok,./data/16S/filtered/61_filtered.fastq.gz,NA,61,west
S62,91,4.188941379363266,0.9768848368807694,Plate 1,D09,D,62,Man_Selat_Nyior,2,6.220929,99.825029,water,mangrove,N,Selat Nyior,West,Mangrove Selat Nyior,2025-05-14 00:00:00,5000,2391,1476.39,ok,./data/16S/filtered/62_filtered.fastq.gz,NA,62,west
S63,111,4.351859256369189,0.9796966790680611,Plate 1,E09,E,63,Man_Selat_Nyior,3,6.224728,99.821968,water,mangrove,N,Selat Nyior,West,Mangrove Selat Nyior,2025-05-14 00:00:00,5000,3578,1478.11,ok,./data/16S/filtered/63_filtered.fastq.gz,NA,63,west
S64,140,4.523976706393382,0.9822883173927001,Plate 1,F09,F,64,Man_Selat_Nyior,4,6.228636,99.820188,water,mangrove,N,Selat Nyior,West,Mangrove Selat Nyior,2025-05-14 00:00:00,5000,5017,1480.02,ok,./data/16S/filtered/64_filtered.fastq.gz,NA,64,west
S65,161,4.662454620949038,0.9837230160314587,Plate 1,G09,G,65,Man_Selat_Nyior,5,6.235251,99.818035,water,mangrove,N,Selat Nyior,West,Mangrove Selat Nyior,2025-05-14 00:00:00,5000,5457,1476.15,ok,./data/16S/filtered/65_filtered.fastq.gz,NA,65,west
S66,62,3.9022227766844404,0.9747955747156978,Plate 1,H09,H,66,SeG_Tanjung_Rhu,1,6.460722,99.827135,water,seagrass,N,Tanjung Rhu,West,Seagrass Tanjung Rhu,2025-05-17 00:00:00,5000,1643,1472.89,ok,./data/16S/filtered/66_filtered.fastq.gz,NA,66,west
S67,104,4.271790513213459,0.9783480308696436,Plate 1,A10,A,67,SeG_Tanjung_Rhu,2,6.460835,99.825327,water,seagrass,N,Tanjung Rhu,West,Seagrass Tanjung Rhu,2025-05-17 00:00:00,5000,3090,1471.1,ok,./data/16S/filtered/67_filtered.fastq.gz,NA,67,west
S68,161,4.689319330760721,0.9852206606252515,Plate 1,B10,B,68,SeG_Tanjung_Rhu,3,6.461043,99.823702,water,seagrass,N,Tanjung Rhu,West,Seagrass Tanjung Rhu,2025-05-17 00:00:00,5000,5380,1468.68,ok,./data/16S/filtered/68_filtered.fastq.gz,NA,68,west
S69,172,4.75348569907698,0.9863813517305489,Plate 1,C10,C,69,SeG_Tanjung_Rhu,4,6.461208,99.823448,water,seagrass,N,Tanjung Rhu,West,Seagrass Tanjung Rhu,2025-05-17 00:00:00,5000,5657,1470.77,ok,./data/16S/filtered/69_filtered.fastq.gz,NA,69,west
S70,142,4.551895746213302,0.982901842653421,Plate 1,D10,D,70,SeG_Tanjung_Rhu,5,6.461547,99.819962,water,seagrass,N,Tanjung Rhu,West,Seagrass Tanjung Rhu,2025-05-17 00:00:00,5000,4415,1470.04,ok,./data/16S/filtered/70_filtered.fastq.gz,NA,70,west
S71,1,0,0,Plate 1,E10,E,71,Cor_Pulau_Redang,1,5.814393,103.009382,water,coral,Y,Pulau Redang,East,Coral Pulau Redang,2025-05-22 00:00:00,5000,3,1471.43,ok,./data/16S/filtered/71_filtered.fastq.gz,NA,71,east
S72,0,0,1,Plate 1,F10,F,72,Cor_Pulau_Redang,2,5.816391,103.00963,water,coral,Y,Pulau Redang,East,Coral Pulau Redang,2025-05-22 00:00:00,5000,0,1472.62,ok,./data/16S/filtered/72_filtered.fastq.gz,NA,72,east
S73,1,0,0,Plate 1,G10,G,73,Cor_Pulau_Redang,3,5.816677,103.007751,water,coral,Y,Pulau Redang,East,Coral Pulau Redang,2025-05-22 00:00:00,5000,13,1474.63,ok,./data/16S/filtered/73_filtered.fastq.gz,NA,73,east
S74,4,1.2211459493604422,0.6742112482853224,Plate 1,A11,A,74,Cor_Pulau_Redang,4,5.816281,103.005989,water,coral,Y,Pulau Redang,East,Coral Pulau Redang,2025-05-22 00:00:00,5000,54,1476.72,ok,./data/16S/filtered/74_filtered.fastq.gz,NA,74,east
S75,4,1.166300827410829,0.6486486486486487,Plate 1,B11,B,75,Cor_Pulau_Redang,5,5.814536,103.006378,water,coral,Y,Pulau Redang,East,Coral Pulau Redang,2025-05-22 00:00:00,5000,74,1476.7,ok,./data/16S/filtered/75_filtered.fastq.gz,NA,75,east
S76,0,0,1,Plate 1,C11,C,76,Cor_Pulau_Bidong,1,5.621594,103.056428,water,coral,N,Pulau Bidong,East,Coral Pulau Bidong,2025-05-22 00:00:00,5000,0,1475.81,ok,./data/16S/filtered/76_filtered.fastq.gz,NA,76,east
S77,15,2.4345417651031265,0.8933296523604239,Plate 1,D11,D,77,Cor_Pulau_Bidong,2,5.624215,103.056647,water,coral,N,Pulau Bidong,East,Coral Pulau Bidong,2025-05-22 00:00:00,5000,217,1478.02,ok,./data/16S/filtered/77_filtered.fastq.gz,NA,77,east
S78,17,2.4501000767110694,0.8775912731956688,Plate 1,E11,E,78,Cor_Pulau_Bidong,3,5.625977,103.057468,water,coral,N,Pulau Bidong,East,Coral Pulau Bidong,2025-05-22 00:00:00,5000,278,1477.93,ok,./data/16S/filtered/78_filtered.fastq.gz,NA,78,east
S79,0,0,1,Plate 1,F11,F,79,Cor_Pulau_Bidong,4,5.626976,103.058018,water,coral,N,Pulau Bidong,East,Coral Pulau Bidong,2025-05-22 00:00:00,5000,2,1470.46,ok,./data/16S/filtered/79_filtered.fastq.gz,NA,79,east
S80,3,0.9833031653105824,0.5898760330578512,Plate 1,G11,G,80,Cor_Pulau_Bidong,5,5.627685,103.059864,water,coral,N,Pulau Bidong,East,Coral Pulau Bidong,2025-05-22 00:00:00,5000,44,1474.59,ok,./data/16S/filtered/80_filtered.fastq.gz,NA,80,east
S81,147,4.776020615134221,0.989870093534374,Plate 1,A12,A,81,Man_Merang,1,5.527989,102.944516,water,mangrove,N,Merang,East,Mangrove Merang,2025-05-22 00:00:00,5000,4111,1471.53,ok,./data/16S/filtered/81_filtered.fastq.gz,NA,81,east
S82,329,5.444660310938087,0.9939234352631365,Plate 1,B12,B,82,Man_Merang,2,5.526065,102.943286,water,mangrove,N,Merang,East,Mangrove Merang,2025-05-22 00:00:00,5000,13454,1470.22,ok,./data/16S/filtered/82_filtered.fastq.gz,NA,82,east
S83,190,4.999036079500857,0.9915627413648481,Plate 1,C12,C,83,Man_Merang,3,5.526248,102.941049,water,mangrove,N,Merang,East,Mangrove Merang,2025-05-22 00:00:00,5000,6110,1471.34,ok,./data/16S/filtered/83_filtered.fastq.gz,NA,83,east
S84,161,4.83460764368461,0.9902445080082427,Plate 1,D12,D,84,Man_Merang,4,5.528314,102.940522,water,mangrove,N,Merang,East,Mangrove Merang,2025-05-22 00:00:00,5000,4449,1470,ok,./data/16S/filtered/84_filtered.fastq.gz,NA,84,east
S85,100,4.355543513734076,0.9831677097505669,Plate 1,E12,E,85,Man_Merang,5,5.528731,102.938759,water,mangrove,N,Merang,East,Mangrove Merang,2025-05-22 00:00:00,5000,2787,1469.85,ok,./data/16S/filtered/85_filtered.fastq.gz,NA,85,east
S86,65,3.828055481263378,0.9702770449071735,Plate 1,F12,F,86,Man_Penaga,1,5.517253,100.364968,water,mangrove,N,Penaga,West,Mangrove Penaga,2025-06-09 00:00:00,5000,1860,1486.64,ok,./data/16S/filtered/86_filtered.fastq.gz,NA,86,west
S87,35,3.186717509605392,0.941574839302112,Plate 1,G12,G,87,Man_Penaga,2,5.51815,100.366985,water,mangrove,N,Penaga,West,Mangrove Penaga,2025-06-09 00:00:00,5000,670,1488.16,ok,./data/16S/filtered/87_filtered.fastq.gz,NA,87,west
S88,91,4.33530987411965,0.9847463503792017,Plate 1,H12,H,88,Man_Penaga,3,5.519453,100.369366,water,mangrove,N,Penaga,West,Mangrove Penaga,2025-06-09 00:00:00,5000,2956,1464.99,ok,./data/16S/filtered/88_filtered.fastq.gz,NA,88,west
S89,72,4.061020382331785,0.9797391353553644,Plate 2,A01,A,89,Man_Penaga,4,5.520585,100.371383,water,mangrove,N,Penaga,West,Mangrove Penaga,2025-06-09 00:00:00,5000,1904,1468.93,ok,./data/16S/filtered/89_filtered.fastq.gz,NA,89,west
S90,74,4.0277047168030515,0.9748161626331439,Plate 2,B01,B,90,Man_Penaga,5,5.522977,100.372478,water,mangrove,N,Penaga,West,Mangrove Penaga,2025-06-09 00:00:00,5000,2652,1466.5,ok,./data/16S/filtered/90_filtered.fastq.gz,NA,90,west
S91,100,4.331200109219586,0.9806841161251408,Plate 2,C01,C,91,SeG_Pulau_Kezambo,1,5.363009,100.324704,water,seagrass,N,Pulau Kezambo,West,Seagrass Pulau Kezambo,2025-06-09 00:00:00,5000,2617,1471.23,ok,./data/16S/filtered/91_filtered.fastq.gz,NA,91,west
S92,53,3.7357033069517858,0.9701290130615234,Plate 2,D01,D,92,SeG_Pulau_Kezambo,2,5.364814,100.324618,water,seagrass,N,Pulau Kezambo,West,Seagrass Pulau Kezambo,2025-06-09 00:00:00,5000,1049,1474.17,ok,./data/16S/filtered/92_filtered.fastq.gz,NA,92,west
S93,29,3.154414741777556,0.9501540841558698,Plate 2,E01,E,93,SeG_Pulau_Kezambo,3,5.365017,100.326968,water,seagrass,N,Pulau Kezambo,West,Seagrass Pulau Kezambo,2025-06-09 00:00:00,5000,493,1475.95,ok,./data/16S/filtered/93_filtered.fastq.gz,NA,93,west
S94,18,2.715602272167255,0.9249586776859504,Plate 2,F01,F,94,SeG_Pulau_Kezambo,4,5.36303,100.327461,water,seagrass,N,Pulau Kezambo,West,Seagrass Pulau Kezambo,2025-06-09 00:00:00,5000,230,1475.79,ok,./data/16S/filtered/94_filtered.fastq.gz,NA,94,west
S95,41,3.4822035711620134,0.9608083304428258,Plate 2,G01,G,95,SeG_Pulau_Kezambo,5,5.361535,100.325841,water,seagrass,N,Pulau Kezambo,West,Seagrass Pulau Kezambo,2025-06-09 00:00:00,5000,759,1475.56,ok,./data/16S/filtered/95_filtered.fastq.gz,NA,95,west
S96,53,3.724239437221164,0.9688564208201491,Plate 2,H01,H,96,Man_Kuala_Sepetang,1,4.78359,100.607457,water,mangrove,N,Kuala Sepetang,West,Mangrove Kuala Sepetang,2025-06-11 00:00:00,5000,1140,1482.95,ok,./data/16S/filtered/96_filtered.fastq.gz,NA,96,west
S97,55,3.790521788316314,0.9718923410985711,Plate 2,A02,A,97,Man_Kuala_Sepetang,2,4.787012,100.612692,water,mangrove,N,Kuala Sepetang,West,Mangrove Kuala Sepetang,2025-06-11 00:00:00,5000,1050,1481.06,ok,./data/16S/filtered/97_filtered.fastq.gz,NA,97,west
S98,93,4.292114633207959,0.9833923313698164,Plate 2,B02,B,98,Man_Kuala_Sepetang,3,4.788979,100.618615,water,mangrove,N,Kuala Sepetang,West,Mangrove Kuala Sepetang,2025-06-11 00:00:00,5000,2707,1480.59,ok,./data/16S/filtered/98_filtered.fastq.gz,NA,98,west
S99,117,4.51678997715299,0.9865636882711338,Plate 2,C02,C,99,Man_Kuala_Sepetang,4,4.791801,100.624022,water,mangrove,N,Kuala Sepetang,West,Mangrove Kuala Sepetang,2025-06-11 00:00:00,5000,2437,1479.23,ok,./data/16S/filtered/99_filtered.fastq.gz,NA,99,west
S100,105,4.4495855955818175,0.9858562772685303,Plate 2,D02,D,100,Man_Kuala_Sepetang,5,4.797275,100.62634,water,mangrove,N,Kuala Sepetang,West,Mangrove Kuala Sepetang,2025-06-11 00:00:00,5000,2929,1475.76,ok,./data/16S/filtered/100_filtered.fastq.gz,NA,100,west
S101,10,2.1279342157505123,0.8662131519274376,Plate 2,E02,E,101,Cor_Pulau_Pangkor,1,4.190014,100.572274,water,coral,N,Pulau Pangkor,West,Coral Pulau Pangkor,2025-06-11 00:00:00,5000,147,1479.73,ok,./data/16S/filtered/101_filtered.fastq.gz,NA,101,west
S102,6,1.449522290920253,0.7069790879314688,Plate 2,F02,F,102,Cor_Pulau_Pangkor,2,4.187189,100.543949,water,coral,N,Pulau Pangkor,West,Coral Pulau Pangkor,2025-06-11 00:00:00,5000,63,1472.16,ok,./data/16S/filtered/102_filtered.fastq.gz,NA,102,west
S103,8,1.8499562131729106,0.8103686087990487,Plate 2,G02,G,103,Cor_Pulau_Pangkor,3,4.192025,100.537855,water,coral,N,Pulau Pangkor,West,Coral Pulau Pangkor,2025-06-11 00:00:00,5000,156,1475.17,ok,./data/16S/filtered/103_filtered.fastq.gz,NA,103,west
S104,17,2.668223543062477,0.9225,Plate 2,H02,H,104,Cor_Pulau_Pangkor,4,4.203476,100.545476,water,coral,N,Pulau Pangkor,West,Coral Pulau Pangkor,2025-06-11 00:00:00,5000,160,1474.98,ok,./data/16S/filtered/104_filtered.fastq.gz,NA,104,west
S105,19,2.77645000151964,0.930371770636421,Plate 2,A03,A,105,Cor_Pulau_Pangkor,5,4.194839,100.559803,water,coral,N,Pulau Pangkor,West,Coral Pulau Pangkor,2025-06-11 00:00:00,5000,284,1481.84,ok,./data/16S/filtered/105_filtered.fastq.gz,NA,105,west
S106,38,3.2964486190653535,0.9490444444444445,Plate 2,B03,B,106,Man_Pulau_Ketam,1,3.024487,101.320359,water,mangrove,N,Pulau Ketam,West,Mangrove Pulau Ketam,2025-06-13 00:00:00,5000,993,1479.51,ok,./data/16S/filtered/106_filtered.fastq.gz,NA,106,west
S107,27,2.9153615030161664,0.917484327781099,Plate 2,C03,C,107,Man_Pulau_Ketam,2,3.021921,101.326184,water,mangrove,N,Pulau Ketam,West,Mangrove Pulau Ketam,2025-06-13 00:00:00,5000,432,1482.87,ok,./data/16S/filtered/107_filtered.fastq.gz,NA,107,west
S108,28,3.0982554377315235,0.9434559386314187,Plate 2,D03,D,108,Man_Pulau_Ketam,3,3.014735,101.325529,water,mangrove,N,Pulau Ketam,West,Mangrove Pulau Ketam,2025-06-13 00:00:00,5000,341,1482.37,ok,./data/16S/filtered/108_filtered.fastq.gz,NA,108,west
S109,19,2.710664620906887,0.9217768595041322,Plate 2,E03,E,109,Man_Pulau_Ketam,4,3.016972,101.333548,water,mangrove,N,Pulau Ketam,West,Mangrove Pulau Ketam,2025-06-13 00:00:00,5000,235,1482.91,ok,./data/16S/filtered/109_filtered.fastq.gz,NA,109,west
S110,22,2.8517169089982097,0.9291562833748666,Plate 2,F03,F,110,Man_Pulau_Ketam,5,3.01341,101.336968,water,mangrove,N,Pulau Ketam,West,Mangrove Pulau Ketam,2025-06-13 00:00:00,5000,318,1482.04,ok,./data/16S/filtered/110_filtered.fastq.gz,NA,110,west
